,Total_Spending,Total_Purchase_Num,Discount_Dependency,Income,Age,Education,Marital_Merged_Couples,Marital_Merged_Single_Household,Total_Household_Size,Campaign_Response_Rate,Complain,Loyalty_Months,Recency,NumWebVisitsMonth
0,963.7774480712166,18.905044510385757,0.16369709131702576,60267.0118694362,59.64391691394659,2.7893175074183976,0.6617210682492581,0.3382789317507418,2.5311572700296736,0.06429277942631056,0.00593471810089021,147.35608308605342,48.225519287833826,5.824925816023739
1,1592.6013986013986,19.6993006993007,0.06473510459229592,80686.2027972028,53.56643356643357,2.6083916083916083,0.5244755244755246,0.47552447552447547,1.7132867132867131,0.4592074592074592,0.006993006993007001,142.7062937062937,42.61538461538462,3.335664335664336
2,111.98021978021961,6.0791208791208815,0.3198207376341626,29697.98901098901,47.12087912087912,1.8373626373626368,0.5560439560439561,0.44395604395604393,2.4351648351648354,0.03223443223443215,0.013186813186813206,142.47692307692307,48.85054945054945,6.934065934065933
3,186.59192825112092,7.798206278026905,0.390942768662767,42708.65919282511,58.643497757847534,2.876681614349775,0.8026905829596411,0.19730941704035881,3.4977578475336326,0.04035874439461876,0.008968609865470864,139.95515695067266,48.535874439461885,6.257847533632287
4,1045.5392670157066,18.26439790575916,0.08174513503782943,72201.80628272251,57.29842931937173,2.424083769633508,0.6387434554973823,0.3612565445026177,2.0366492146596853,0.03970331588132629,0.007853403141361261,138.2670157068063,52.40837696335079,2.4921465968586376
